{
  "rtsp://admin:RTC@1122@172.24.24.204:554/Streaming/Channels/101": {
    "shape_0": {
      "points": [
        [
          0.2662473794549266,
          0.24472049689440994
        ],
        [
          0.1914744933612858,
          0.49813664596273294
        ],
        [
          0.2522711390635919,
          0.7440993788819876
        ],
        [
          0.45073375262054505,
          0.7664596273291926
        ],
        [
          0.4758909853249476,
          0.47329192546583854
        ],
        [
          0.44863731656184486,
          0.21987577639751552
        ]
      ],
      "ctnrCod": "",
      "positionCode": "",
      "status": "NO_INFORMATION",
      "bind": "0"
    },
    "shape_1": {
      "points": [
        [
          0.5555555555555556,
          0.2708074534161491
        ],
        [
          0.7756813417190775,
          0.2993788819875776
        ],
        [
          0.822501747030049,
          0.48695652173913045
        ],
        [
          0.7624039133473096,
          0.746583850931677
        ],
        [
          0.5478686233403215,
          0.7316770186335404
        ]
      ],
      "ctnrCod": "",
      "positionCode": "",
      "status": "NO_INFORMATION",
      "bind": "0"
    },
    "shape_2": {
      "points": [
        [
          0.7051013277428372,
          0.0422360248447205
        ],
        [
          0.7288609364081062,
          0.13167701863354037
        ],
        [
          0.6932215234102026,
          0.3627329192546584
        ],
        [
          0.5471698113207547,
          0.37142857142857144
        ],
        [
          0.5366876310272537,
          0.19503105590062111
        ],
        [
          0.5415793151642209,
          0.02981366459627329
        ]
      ],
      "ctnrCod": "",
      "positionCode": "",
      "status": "NO_INFORMATION",
      "bind": "1"
    },
    "shape_3": {
      "points": [
        [
          0.33193570929419985,
          0.040993788819875775
        ],
        [
          0.4891684136967156,
          0.03602484472049689
        ],
        [
          0.49615653389238296,
          0.2
        ],
        [
          0.47938504542278126,
          0.3701863354037267
        ],
        [
          0.31516422082459816,
          0.3453416149068323
        ],
        [
          0.30328441649196364,
          0.15403726708074533
        ]
      ],
      "ctnrCod": "",
      "positionCode": "",
      "status": "NO_INFORMATION",
      "bind": "1"
    }
  },
  "rtsp://admin:RTC@1122@172.24.24.205:554/Streaming/Channels/101": {
    "shape_1": {
      "points": [
        [
          0.3724668064290706,
          0.1267080745341615
        ],
        [
          0.5471698113207547,
          0.1093167701863354
        ],
        [
          0.559748427672956,
          0.42857142857142855
        ],
        [
          0.39063591893780575,
          0.45217391304347826
        ]
      ],
      "ctnrCod": "",
      "positionCode": "",
      "status": "NO_INFORMATION",
      "bind": "1"
    },
    "shape_2": {
      "points": [
        [
          0.5576519916142557,
          0.11677018633540373
        ],
        [
          0.7631027253668763,
          0.12422360248447205
        ],
        [
          0.7707896575821104,
          0.38881987577639754
        ],
        [
          0.7442348008385744,
          0.49813664596273294
        ],
        [
          0.5716282320055905,
          0.4546583850931677
        ],
        [
          0.5520614954577219,
          0.28819875776397513
        ]
      ],
      "ctnrCod": "",
      "positionCode": "",
      "status": "NO_INFORMATION",
      "bind": "1"
    },
    "shape_3": {
      "points": [
        [
          0.7645003494060097,
          0.12795031055900621
        ],
        [
          0.8944793850454228,
          0.14782608695652175
        ],
        [
          0.9461914744933613,
          0.3440993788819876
        ],
        [
          0.9105520614954578,
          0.5515527950310559
        ],
        [
          0.7966457023060797,
          0.5503105590062112
        ],
        [
          0.750524109014675,
          0.32919254658385094
        ]
      ],
      "ctnrCod": "",
      "positionCode": "",
      "status": "NO_INFORMATION",
      "bind": "1"
    },
    "shape_0": {
      "points": [
        [
          0.20475192173305382,
          0.16521739130434782
        ],
        [
          0.16002795248078266,
          0.38633540372670805
        ],
        [
          0.20754716981132076,
          0.6248447204968944
        ],
        [
          0.39622641509433965,
          0.6149068322981367
        ],
        [
          0.4109014675052411,
          0.4248447204968944
        ],
        [
          0.38504542278127185,
          0.13540372670807455
        ]
      ],
      "ctnrCod": "",
      "positionCode": "",
      "status": "NO_INFORMATION",
      "bind": "1"
    }
  },
  "rtsp://admin:RTC@1122@172.24.24.202:554/Streaming/Channels/101": {
    "shape_0": {
      "points": [
        [
          0.24737945492662475,
          0.5503105590062112
        ],
        [
          0.11041229909154437,
          0.5503105590062112
        ],
        [
          0.11041229909154437,
          0.22981366459627328
        ],
        [
          0.24737945492662475,
          0.22981366459627328
        ]
      ],
      "ctnrType": "2",
      "ctnrCod": "2",
      "positionCode": "G",
      "stgBin": "100012A2501013",
      "status": "SUCCESSFUL",
      "bind": "1"
    },
    "shape_1": {
      "points": [
        [
          0.3522012578616352,
          0.22236024844720498
        ],
        [
          0.27044025157232704,
          0.22236024844720498
        ],
        [
          0.27044025157232704,
          0.5503105590062112
        ],
        [
          0.3522012578616352,
          0.5503105590062112
        ]
      ],
      "ctnrType": "2",
      "ctnrCod": "",
      "positionCode": "H",
      "stgBin": "100013A2501013",
      "status": "SUCCESSFUL",
      "bind": "0"
    },
    "shape_2": {
      "points": [
        [
          0.3941299790356394,
          0.20496894409937888
        ],
        [
          0.4968553459119497,
          0.20496894409937888
        ],
        [
          0.4968553459119497,
          0.5577639751552795
        ],
        [
          0.3941299790356394,
          0.5577639751552795
        ]
      ],
      "ctnrType": "2",
      "ctnrCod": "5",
      "positionCode": "I",
      "stgBin": "100014A2501013",
      "status": "SUCCESSFUL",
      "bind": "1"
    }
  },
  "rtsp://admin:RTC@1122@172.24.24.203:554/Streaming/Channels/101": {
    "shape_0": {
      "points": [
        [
          0.22012578616352202,
          0.05714285714285714
        ],
        [
          0.38155136268343814,
          0.037267080745341616
        ],
        [
          0.39482879105520613,
          0.3950310559006211
        ],
        [
          0.24109014675052412,
          0.41366459627329194
        ]
      ],
      "ctnrType": "",
      "ctnrCod": "",
      "positionCode": "",
      "stgBin": "",
      "status": "NO_INFORMATION",
      "bind": "0"
    },
    "shape_1": {
      "points": [
        [
          0.5842068483577918,
          0.037267080745341616
        ],
        [
          0.3822501747030049,
          0.031055900621118012
        ],
        [
          0.39273235499650594,
          0.40248447204968946
        ],
        [
          0.5786163522012578,
          0.4012422360248447
        ]
      ],
      "ctnrType": "",
      "ctnrCod": "",
      "positionCode": "",
      "stgBin": "",
      "status": "NO_INFORMATION",
      "bind": "0"
    },
    "shape_2": {
      "points": [
        [
          0.589098532494759,
          0.02236024844720497
        ],
        [
          0.8120195667365478,
          0.062111801242236024
        ],
        [
          0.7833682739343116,
          0.48695652173913045
        ],
        [
          0.5877009084556254,
          0.49440993788819876
        ]
      ],
      "ctnrType": "",
      "ctnrCod": "",
      "positionCode": "",
      "stgBin": "",
      "status": "NO_INFORMATION",
      "bind": "0"
    },
    "shape_3": {
      "points": [
        [
          0.9874213836477987,
          0.16521739130434782
        ],
        [
          0.8092243186582809,
          0.06459627329192547
        ],
        [
          0.790356394129979,
          0.4745341614906832
        ],
        [
          0.9524807826694619,
          0.5142857142857142
        ]
      ],
      "ctnrType": "",
      "ctnrCod": "",
      "positionCode": "",
      "stgBin": "",
      "status": "NO_INFORMATION",
      "bind": "0"
    }
  }
}