[
  {
    "camera_url": "rtsp://admin:RTC@1122@172.24.24.202:554/Streaming/Channels/101",
    "model_path": "C:/Users/agv.project/Documents/Management_pallets_yolov/model_cam/best_cam202.pt",
    "id_class": "0"
  },
  {
    "camera_url": "rtsp://admin:RTC@1122@172.24.24.203:554/Streaming/Channels/101",
    "model_path": "C:/Users/agv.project/Documents/Management_pallets_yolov/model_cam/best_cam203.pt",
    "id_class": "1"
  },
  {
    "camera_url": "rtsp://admin:RTC@1122@172.24.24.204:554/Streaming/Channels/101",
    "model_path": "C:/Users/agv.project/Documents/Management_pallets_yolov/model_cam/best_cam204.pt",
    "id_class": "1"
  },
  {
    "camera_url": "rtsp://admin:RTC@1122@172.24.24.205:554/Streaming/Channels/101",
    "model_path": "C:/Users/agv.project/Documents/Management_pallets_yolov/best.pt",
    "id_class": "1"
  }
]